{
 "cells": [
  {
   "cell_type": "markdown",
   "metadata": {
    "colab_type": "text",
    "id": "view-in-github"
   },
   "source": [
    "# Rock, Paper, Scissors\n",
    "\n",
    "In this week’s exercise, you will use [TFDS module](https://www.tensorflow.org/datasets/api_docs/python/tfds) for performing extract, transform and load (ETL) tasks on the [Rock-Paper-Scissors dataset](https://www.tensorflow.org/datasets/catalog/rock_paper_scissors). \n",
    "\n",
    "Upon completion of the exercise, you will have\n",
    "\n",
    "- Loaded the dataset\n",
    "- Transformed and preprocessed it \n",
    "- Defined a simple CNN model for image classification which can be trained easily\n",
    "\n"
   ]
  },
  {
   "cell_type": "markdown",
   "metadata": {
    "colab": {},
    "colab_type": "code",
    "id": "zX4Kg8DUTKWO"
   },
   "source": [
    "### Step 0 - Setup\n",
    "\n",
    "**Note** : The assignment uses TF version 2 so if you run this notebook on TF 1.x, some things might not work."
   ]
  },
  {
   "cell_type": "code",
   "execution_count": 2,
   "metadata": {},
   "outputs": [],
   "source": [
    "from os import getcwd\n",
    "\n",
    "import tensorflow as tf\n",
    "import tensorflow_datasets as tfds"
   ]
  },
  {
   "cell_type": "markdown",
   "metadata": {},
   "source": [
    "### Step 1 - One-Hot Encoding \n",
    "\n",
    "Remember to one hot encode the labels as you have 3 classes - Rock, Paper and Scissors.\n",
    "You can use Tensorflow's one_hot function ([`tf.one_hot`](https://www.tensorflow.org/api_docs/python/tf/one_hot)) to convert categorical variables to one-hot vectors.\n",
    "\n",
    "Useful parameters - \n",
    "1. `indices` - A tensor containing all indices\n",
    "2. `depth` - A scalar defining the depth of the one hot dimension.\n"
   ]
  },
  {
   "cell_type": "code",
   "execution_count": 3,
   "metadata": {},
   "outputs": [
    {
     "name": "stdout",
     "output_type": "stream",
     "text": [
      "tf.Tensor(\n",
      "[[0. 1. 0.]\n",
      " [0. 0. 1.]\n",
      " [0. 0. 0.]\n",
      " [0. 1. 0.]], shape=(4, 3), dtype=float32)\n"
     ]
    }
   ],
   "source": [
    "# EXERCISE: encoding the labels using your own function for one-hot encoding\n",
    "\n",
    "def my_one_hot(feature, label):\n",
    "    # Encode the labels to one-hot using tf.one_hot with depth equal to total \n",
    "    # number of classes here which are rock, paper and scissors\n",
    "    indices = [1, 2, 3, 1]\n",
    "    depth = 3\n",
    "    one_hot = tf.one_hot(indices, depth)\n",
    "    return feature, one_hot\n",
    "\n",
    "# TESTING THE FUNCTION \n",
    "feature, one_hot = my_one_hot([\"a\",\"b\",\"c\",\"a\"],[1,2,3,1])\n",
    "print(one_hot)\n"
   ]
  },
  {
   "cell_type": "markdown",
   "metadata": {},
   "source": [
    "#### Expected Output\n",
    "```\n",
    "tf.Tensor(\n",
    "[[0. 1. 0.]\n",
    " [0. 0. 1.]\n",
    " [0. 0. 0.]\n",
    " [0. 1. 0.]], shape=(4, 3), dtype=float32)\n",
    " ```"
   ]
  },
  {
   "cell_type": "markdown",
   "metadata": {},
   "source": [
    "### Step 2 - Loading Dataset\n",
    "\n",
    "You will be using [`tfds.load()`](https://www.tensorflow.org/datasets/api_docs/python/tfds/load)] method to load the dataset. The dataset is already downloaded and unzipped for you in the data folder but if you are running on your local machine and do not have the dataset downloaded, it will first download and save the dataset to your tensorflow directory and then load it.\n",
    "\n",
    "Useful parameters -\n",
    "1. `split` - Which split of the data to load (e.g. 'train', 'test' ['train', 'test'], 'train[80%:]',...)\n",
    "\n",
    "2. `data_dir` - Directory to read/write data. Defaults to the value of the environment variable _TFDS_DATA_DIR_, if set, otherwise falls back to \"~/tensorflow_datasets\"\n",
    "\n",
    "3. `as_supervised`- If True, the returned tf.data.Dataset will have a 2-tuple structure (input, label) according to builder.info.supervised_keys. If False the default, the returned tf.data.Dataset will have a dictionary with all the features\n",
    "\n",
    "**Note** - The`rock_paper_scissors:3.*.*` dataset is already downloaded for you so if you specify the major version thisway while loading, it will try to find the dataset from the directory and load it. If none is present or the current dataset has been upgraded to a new major version, then it will try to download the new dataset to the directory."
   ]
  },
  {
   "cell_type": "code",
   "execution_count": 4,
   "metadata": {},
   "outputs": [
    {
     "name": "stdout",
     "output_type": "stream",
     "text": [
      "2520\n",
      "372\n"
     ]
    }
   ],
   "source": [
    "# EXERCISE: Loading the rock, paper and scissors train and test dataset using tfds.load. \n",
    "\n",
    "# Use data_dir=filepath as the dataset is already downloaded for you\n",
    "\n",
    "filePath = f\"{getcwd()}/data\"\n",
    "\n",
    "\n",
    "train_data = tfds.load(name='rock_paper_scissors', split='train', as_supervised=True, data_dir=filePath)\n",
    "val_data = tfds.load(name='rock_paper_scissors', split='test', as_supervised=True, data_dir=filePath)\n",
    "\n",
    "# Testing train_data and val_data if loaded correctly\n",
    "    \n",
    "train_data_len = len(list(train_data))\n",
    "val_data_len = len(list(val_data))\n",
    "\n",
    "print(train_data_len)\n",
    "print(val_data_len)"
   ]
  },
  {
   "cell_type": "markdown",
   "metadata": {},
   "source": [
    "#### Expected Output\n",
    "```\n",
    "2520\n",
    "372\n",
    " ```"
   ]
  },
  {
   "cell_type": "markdown",
   "metadata": {},
   "source": [
    "### Step 3 - Mapping one hot encode function to dataset\n",
    "\n",
    "You will apply the `my_one_hot()` encoding function to the train and validation data using [`map`](https://www.tensorflow.org/api_docs/python/tf/data/Dataset#map) function. It will apply the custom function to each element of the  dataset and returns a new dataset containing the transformed elements in the same order as they appeared in the input."
   ]
  },
  {
   "cell_type": "code",
   "execution_count": 5,
   "metadata": {},
   "outputs": [
    {
     "name": "stdout",
     "output_type": "stream",
     "text": [
      "<class 'tensorflow.python.data.ops.dataset_ops.MapDataset'>\n"
     ]
    }
   ],
   "source": [
    "# EXERCISE: one-hot encode the train and validation labels using the function you defined earlier\n",
    "\n",
    "# HINT - use map function https://www.tensorflow.org/api_docs/python/tf/data/Dataset#map\n",
    "\n",
    "train_data = train_data.map(my_one_hot)\n",
    "val_data = val_data.map(my_one_hot)\n",
    "\n",
    "print(type(train_data))"
   ]
  },
  {
   "cell_type": "markdown",
   "metadata": {},
   "source": [
    "#### Expected Output\n",
    "```\n",
    "<class 'tensorflow.python.data.ops.dataset_ops.MapDataset'>\n",
    " ```"
   ]
  },
  {
   "cell_type": "markdown",
   "metadata": {},
   "source": [
    "### Step 4 - Exploring dataset metadata\n",
    "\n",
    "Do remember that [`tfds.load()`](https://www.tensorflow.org/datasets/api_docs/python/tfds/load) has a parameter called `with_info` which if True will return the tuple (tf.data.Dataset, tfds.core.DatasetInfo) containing the info associated with the builder."
   ]
  },
  {
   "cell_type": "code",
   "execution_count": 10,
   "metadata": {},
   "outputs": [
    {
     "name": "stdout",
     "output_type": "stream",
     "text": [
      "(300, 300, 3)\n"
     ]
    }
   ],
   "source": [
    "# EXERCISE: Check the information about the dataset to see the dataset image shape\n",
    "\n",
    "# HINT: Use with_info=True and data_dir\n",
    "feature, info = tfds.load(name='rock_paper_scissors', with_info=True, data_dir=filePath)\n",
    "\n",
    "\n",
    "# DO NOT EDIT THIS\n",
    "print(info.features['image'].shape)"
   ]
  },
  {
   "cell_type": "markdown",
   "metadata": {},
   "source": [
    "## Expected Output\n",
    "```\n",
    "(300, 300, 3)\n",
    "\n",
    " ```"
   ]
  },
  {
   "cell_type": "markdown",
   "metadata": {},
   "source": [
    "### Step 5 - Training your simple CNN classifier\n",
    "\n",
    "Now you will define a simple 1-layer CNN model which will learn to classify the images into rock, paper and scissor!\n"
   ]
  },
  {
   "cell_type": "code",
   "execution_count": 18,
   "metadata": {
    "colab": {},
    "colab_type": "code",
    "id": "iSq4t32ZHHpt"
   },
   "outputs": [
    {
     "name": "stdout",
     "output_type": "stream",
     "text": [
      "Model: \"sequential\"\n",
      "_________________________________________________________________\n",
      "Layer (type)                 Output Shape              Param #   \n",
      "=================================================================\n",
      "conv2d (Conv2D)              (None, 298, 298, 16)      448       \n",
      "_________________________________________________________________\n",
      "max_pooling2d (MaxPooling2D) (None, 149, 149, 16)      0         \n",
      "_________________________________________________________________\n",
      "dense (Dense)                (None, 149, 149, 512)     8704      \n",
      "_________________________________________________________________\n",
      "dense_1 (Dense)              (None, 149, 149, 1)       513       \n",
      "=================================================================\n",
      "Total params: 9,665\n",
      "Trainable params: 9,665\n",
      "Non-trainable params: 0\n",
      "_________________________________________________________________\n"
     ]
    }
   ],
   "source": [
    "# EXERCISE: Train a simple CNN model on the dataset\n",
    "\n",
    "train_batches = train_data.shuffle(100).batch(10)\n",
    "validation_batches = val_data.batch(32)\n",
    "\n",
    "model = tf.keras.models.Sequential([\n",
    "    tf.keras.layers.Conv2D(16, (3, 3), activation='relu', input_shape=(300,300,3)), \n",
    "                           \n",
    "    tf.keras.layers.MaxPooling2D(2,2),\n",
    "    tf.keras.layers.Dense(512, activation='relu'),\n",
    "    tf.keras.layers.Dense(1, activation='sigmoid')\n",
    "    # YOUR CODE HERE - Add a maxpool2d layer with kernel (2,2) \n",
    "    # YOUR CODE HERE - Add a flatten layer                                           \n",
    "    \n",
    "    # YOUR CODE HERE)  # Remember there are 3 classes to classify and to use proper activation\n",
    "])\n",
    "\n",
    "model.summary()\n"
   ]
  },
  {
   "cell_type": "markdown",
   "metadata": {},
   "source": [
    "# Submission Instructions"
   ]
  },
  {
   "cell_type": "code",
   "execution_count": null,
   "metadata": {},
   "outputs": [],
   "source": [
    "# Now click the 'Submit Assignment' button above."
   ]
  },
  {
   "cell_type": "markdown",
   "metadata": {},
   "source": [
    "### [Optional] Step 6 - Evaluation\n",
    "\n",
    "***Remember to submit your assignment before you uncomment and run the next cell.***"
   ]
  },
  {
   "cell_type": "code",
   "execution_count": null,
   "metadata": {},
   "outputs": [],
   "source": [
    "# # OPTIONAL EXERCISE: Compile and fit your model - use categorical loss and choose optimizer as Adam\n",
    "\n",
    "# EPOCH = 3\n",
    "\n",
    "# # You should get decent enough training accuracy in 3-4 epochs itself as this one layer model will heavily overfit\n",
    "\n",
    "# model.compile(# YOUR CODE HERE)\n",
    "\n",
    "# history = model.fit(train_batches, epochs= EPOCH , validation_data=validation_batches, validation_steps=1)\n",
    "    \n",
    "# print(\"Final Training Accuracy:-\",history.history['accuracy'][-1])\n",
    "# print(\"Final Validation Accuracy:-\",history.history['val_accuracy'][-1])"
   ]
  },
  {
   "cell_type": "markdown",
   "metadata": {},
   "source": [
    "# When you're done or would like to take a break, please run the two cells below to save your work and close the Notebook. This frees up resources for your fellow learners."
   ]
  },
  {
   "cell_type": "code",
   "execution_count": null,
   "metadata": {},
   "outputs": [],
   "source": [
    "%%javascript\n",
    "<!-- Save the notebook -->\n",
    "IPython.notebook.save_checkpoint();"
   ]
  },
  {
   "cell_type": "code",
   "execution_count": null,
   "metadata": {},
   "outputs": [],
   "source": [
    "%%javascript\n",
    "<!-- Shutdown and close the notebook -->\n",
    "window.onbeforeunload = null\n",
    "window.close();\n",
    "IPython.notebook.session.delete();"
   ]
  }
 ],
 "metadata": {
  "coursera": {
   "schema_names": [
    "tensorflow-datasets-w1"
   ]
  },
  "kernelspec": {
   "display_name": "Python 3",
   "language": "python",
   "name": "python3"
  },
  "language_info": {
   "codemirror_mode": {
    "name": "ipython",
    "version": 3
   },
   "file_extension": ".py",
   "mimetype": "text/x-python",
   "name": "python",
   "nbconvert_exporter": "python",
   "pygments_lexer": "ipython3",
   "version": "3.6.9"
  }
 },
 "nbformat": 4,
 "nbformat_minor": 4
}
